-- phpMyAdmin SQL Dump
-- version 4.0.4.1
-- http://www.phpmyadmin.net
--
-- Host: 127.0.0.1
-- Generation Time: Nov 01, 2013 at 04:37 AM
-- Server version: 5.6.11
-- PHP Version: 5.5.1

SET SQL_MODE = "NO_AUTO_VALUE_ON_ZERO";
SET time_zone = "+00:00";


/*!40101 SET @OLD_CHARACTER_SET_CLIENT=@@CHARACTER_SET_CLIENT */;
/*!40101 SET @OLD_CHARACTER_SET_RESULTS=@@CHARACTER_SET_RESULTS */;
/*!40101 SET @OLD_COLLATION_CONNECTION=@@COLLATION_CONNECTION */;
/*!40101 SET NAMES utf8 */;

--
-- Database: `chch1804_example`
--
CREATE DATABASE IF NOT EXISTS `chch1804_example` DEFAULT CHARACTER SET latin1 COLLATE latin1_swedish_ci;
USE `chch1804_example`;

-- --------------------------------------------------------

--
-- Table structure for table `re_booking`
--

CREATE TABLE IF NOT EXISTS `re_booking` (
  `bookId` int(11) NOT NULL AUTO_INCREMENT,
  `date` date DEFAULT NULL,
  `session` enum('6-8','8-10') NOT NULL,
  `tableNumber` int(11) NOT NULL,
  `adults` int(11) NOT NULL,
  `children` int(11) NOT NULL,
  `customerId` int(11) NOT NULL,
  `completed` tinyint(1) NOT NULL,
  `joinedTable` int(11) NOT NULL,
  PRIMARY KEY (`bookId`)
) ENGINE=InnoDB  DEFAULT CHARSET=latin1 AUTO_INCREMENT=1121 ;

--
-- Dumping data for table `re_booking`
--

INSERT INTO `re_booking` (`bookId`, `date`, `session`, `tableNumber`, `adults`, `children`, `customerId`, `completed`, `joinedTable`) VALUES
(741, '2013-10-21', '6-8', 0, 0, 0, 0, 0, 2),
(742, '2013-10-21', '6-8', 1, 1, 1, 2, 0, 1),
(743, '2013-10-21', '6-8', 2, 3, 2, 2, 1, 3),
(744, '2013-10-21', '6-8', 3, 0, 0, 0, 1, 2),
(745, '2013-10-21', '6-8', 4, 1, 0, 3, 1, 1),
(746, '2013-10-21', '6-8', 5, 0, 0, 0, 0, 2),
(747, '2013-10-21', '6-8', 6, 0, 0, 0, 0, 2),
(748, '2013-10-21', '6-8', 7, 1, 3, 9, 0, 2),
(749, '2013-10-21', '6-8', 8, 2, 0, 2, 0, 1),
(750, '2013-10-21', '6-8', 9, 0, 0, 0, 0, 2),
(751, '2013-10-21', '6-8', 10, 0, 0, 0, 0, 2),
(752, '2013-10-21', '6-8', 11, 0, 0, 0, 0, 2),
(753, '2013-10-21', '6-8', 12, 1, 3, 9, 0, 2),
(754, '2013-10-21', '6-8', 13, 1, 6, 2, 0, 4),
(755, '2013-10-21', '6-8', 14, 0, 0, 0, 0, 2),
(756, '2013-10-21', '6-8', 15, 0, 0, 0, 0, 2),
(757, '2013-10-21', '6-8', 16, 0, 0, 0, 0, 2),
(758, '2013-10-21', '6-8', 17, 3, 0, 3, 0, 2),
(759, '2013-10-21', '6-8', 18, 0, 0, 0, 0, 2),
(760, '2013-10-21', '6-8', 19, 0, 0, 0, 0, 2),
(761, '2013-10-21', '8-10', 0, 0, 0, 0, 0, 2),
(762, '2013-10-21', '8-10', 1, 1, 1, 9, 0, 1),
(763, '2013-10-21', '8-10', 2, 0, 0, 0, 0, 2),
(764, '2013-10-21', '8-10', 3, 1, 5, 2, 1, 3),
(765, '2013-10-21', '8-10', 4, 0, 0, 0, 0, 2),
(766, '2013-10-21', '8-10', 5, 2, 0, 3, 0, 1),
(767, '2013-10-21', '8-10', 6, 0, 0, 0, 0, 2),
(768, '2013-10-21', '8-10', 7, 0, 0, 0, 0, 2),
(769, '2013-10-21', '8-10', 8, 2, 0, 2, 0, 1),
(770, '2013-10-21', '8-10', 9, 0, 0, 0, 0, 2),
(771, '2013-10-21', '8-10', 10, 0, 0, 0, 0, 2),
(772, '2013-10-21', '8-10', 11, 0, 0, 0, 0, 2),
(773, '2013-10-21', '8-10', 12, 1, 2, 2, 0, 2),
(774, '2013-10-21', '8-10', 13, 0, 0, 0, 0, 2),
(775, '2013-10-21', '8-10', 14, 1, 3, 3, 0, 2),
(776, '2013-10-21', '8-10', 15, 0, 0, 0, 0, 2),
(777, '2013-10-21', '8-10', 16, 1, 1, 9, 1, 1),
(778, '2013-10-21', '8-10', 17, 0, 0, 0, 0, 2),
(779, '2013-10-21', '8-10', 18, 1, 4, 3, 0, 3),
(780, '2013-10-21', '8-10', 19, 0, 0, 0, 0, 2),
(781, '2013-10-23', '6-8', 0, 0, 0, 0, 0, 2),
(782, '2013-10-23', '6-8', 1, 0, 0, 0, 0, 2),
(783, '2013-10-23', '6-8', 2, 0, 0, 0, 0, 2),
(784, '2013-10-23', '6-8', 3, 0, 0, 0, 0, 2),
(785, '2013-10-23', '6-8', 4, 0, 0, 0, 0, 2),
(786, '2013-10-23', '6-8', 5, 0, 0, 0, 0, 2),
(787, '2013-10-23', '6-8', 6, 0, 0, 0, 0, 2),
(788, '2013-10-23', '6-8', 7, 0, 0, 0, 0, 2),
(789, '2013-10-23', '6-8', 8, 0, 0, 0, 0, 2),
(790, '2013-10-23', '6-8', 9, 0, 0, 0, 0, 2),
(791, '2013-10-23', '6-8', 10, 0, 0, 0, 0, 2),
(792, '2013-10-23', '6-8', 11, 1, 1, 2, 0, 1),
(793, '2013-10-23', '6-8', 12, 0, 0, 0, 0, 2),
(794, '2013-10-23', '6-8', 13, 0, 0, 0, 0, 2),
(795, '2013-10-23', '6-8', 14, 0, 0, 0, 0, 2),
(796, '2013-10-23', '6-8', 15, 0, 0, 0, 0, 2),
(797, '2013-10-23', '6-8', 16, 0, 0, 0, 0, 2),
(798, '2013-10-23', '6-8', 17, 0, 0, 0, 0, 2),
(799, '2013-10-23', '6-8', 18, 0, 0, 0, 0, 2),
(800, '2013-10-23', '6-8', 19, 0, 0, 0, 0, 2),
(801, '2013-10-23', '8-10', 0, 0, 0, 0, 0, 2),
(802, '2013-10-23', '8-10', 1, 0, 0, 0, 0, 2),
(803, '2013-10-23', '8-10', 2, 0, 0, 0, 0, 2),
(804, '2013-10-23', '8-10', 3, 0, 0, 0, 0, 2),
(805, '2013-10-23', '8-10', 4, 0, 0, 0, 0, 2),
(806, '2013-10-23', '8-10', 5, 0, 0, 0, 0, 2),
(807, '2013-10-23', '8-10', 6, 0, 0, 0, 0, 2),
(808, '2013-10-23', '8-10', 7, 0, 0, 0, 0, 2),
(809, '2013-10-23', '8-10', 8, 0, 0, 0, 0, 2),
(810, '2013-10-23', '8-10', 9, 0, 0, 0, 0, 2),
(811, '2013-10-23', '8-10', 10, 1, 2, 2, 1, 2),
(812, '2013-10-23', '8-10', 11, 0, 0, 0, 0, 2),
(813, '2013-10-23', '8-10', 12, 0, 0, 0, 0, 2),
(814, '2013-10-23', '8-10', 13, 0, 0, 0, 0, 2),
(815, '2013-10-23', '8-10', 14, 0, 0, 0, 0, 2),
(816, '2013-10-23', '8-10', 15, 0, 0, 0, 0, 2),
(817, '2013-10-23', '8-10', 16, 0, 0, 0, 0, 2),
(818, '2013-10-23', '8-10', 17, 0, 0, 0, 0, 2),
(819, '2013-10-23', '8-10', 18, 0, 0, 0, 0, 2),
(820, '2013-10-23', '8-10', 19, 0, 0, 0, 0, 2),
(821, '2013-10-24', '6-8', 0, 0, 0, 0, 0, 2),
(822, '2013-10-24', '6-8', 1, 0, 0, 0, 0, 2),
(823, '2013-10-24', '6-8', 2, 0, 0, 0, 0, 2),
(824, '2013-10-24', '6-8', 3, 0, 0, 0, 0, 2),
(825, '2013-10-24', '6-8', 4, 0, 0, 0, 0, 2),
(826, '2013-10-24', '6-8', 5, 0, 0, 0, 0, 2),
(827, '2013-10-24', '6-8', 6, 0, 0, 0, 0, 2),
(828, '2013-10-24', '6-8', 7, 0, 0, 0, 0, 2),
(829, '2013-10-24', '6-8', 8, 0, 0, 0, 0, 2),
(830, '2013-10-24', '6-8', 9, 0, 0, 0, 0, 2),
(831, '2013-10-24', '6-8', 10, 1, 0, 3, 0, 1),
(832, '2013-10-24', '6-8', 11, 0, 0, 0, 0, 2),
(833, '2013-10-24', '6-8', 12, 0, 0, 0, 0, 2),
(834, '2013-10-24', '6-8', 13, 0, 0, 0, 0, 2),
(835, '2013-10-24', '6-8', 14, 0, 0, 0, 0, 2),
(836, '2013-10-24', '6-8', 15, 0, 0, 0, 0, 2),
(837, '2013-10-24', '6-8', 16, 0, 0, 0, 0, 2),
(838, '2013-10-24', '6-8', 17, 0, 0, 0, 0, 2),
(839, '2013-10-24', '6-8', 18, 0, 0, 0, 0, 2),
(840, '2013-10-24', '6-8', 19, 0, 0, 0, 0, 2),
(841, '2013-10-26', '6-8', 0, 3, 0, 12, 0, 2),
(842, '2013-10-26', '6-8', 1, 0, 0, 0, 0, 2),
(843, '2013-10-26', '6-8', 2, 0, 0, 0, 0, 2),
(844, '2013-10-26', '6-8', 3, 3, 0, 8, 0, 2),
(845, '2013-10-26', '6-8', 4, 2, 0, 16, 1, 1),
(846, '2013-10-26', '6-8', 5, 0, 0, 0, 0, 2),
(847, '2013-10-26', '6-8', 6, 2, 3, 9, 0, 3),
(848, '2013-10-26', '6-8', 7, 0, 0, 0, 0, 2),
(849, '2013-10-26', '6-8', 8, 3, 2, 15, 0, 3),
(850, '2013-10-26', '6-8', 9, 0, 0, 0, 0, 2),
(851, '2013-10-26', '6-8', 10, 1, 2, 3, 0, 2),
(852, '2013-10-26', '6-8', 11, 0, 0, 0, 0, 2),
(853, '2013-10-26', '6-8', 12, 0, 0, 0, 0, 2),
(854, '2013-10-26', '6-8', 13, 1, 1, 11, 0, 1),
(855, '2013-10-26', '6-8', 14, 0, 0, 0, 0, 2),
(856, '2013-10-26', '6-8', 15, 7, 0, 10, 0, 4),
(857, '2013-10-26', '6-8', 16, 0, 0, 0, 0, 2),
(858, '2013-10-26', '6-8', 17, 0, 0, 0, 0, 2),
(859, '2013-10-26', '6-8', 18, 0, 0, 0, 0, 2),
(860, '2013-10-26', '6-8', 19, 1, 0, 13, 0, 1),
(861, '2013-10-27', '6-8', 0, 0, 0, 0, 0, 2),
(862, '2013-10-27', '6-8', 1, 0, 0, 0, 0, 2),
(863, '2013-10-27', '6-8', 2, 0, 0, 0, 0, 2),
(864, '2013-10-27', '6-8', 3, 0, 0, 0, 0, 2),
(865, '2013-10-27', '6-8', 4, 0, 0, 0, 0, 2),
(866, '2013-10-27', '6-8', 5, 0, 0, 0, 0, 2),
(867, '2013-10-27', '6-8', 6, 0, 0, 0, 0, 2),
(868, '2013-10-27', '6-8', 7, 0, 0, 0, 0, 2),
(869, '2013-10-27', '6-8', 8, 0, 0, 0, 0, 2),
(870, '2013-10-27', '6-8', 9, 0, 0, 0, 0, 2),
(871, '2013-10-27', '6-8', 10, 0, 0, 0, 0, 2),
(872, '2013-10-27', '6-8', 11, 0, 0, 0, 0, 2),
(873, '2013-10-27', '6-8', 12, 0, 0, 0, 0, 2),
(874, '2013-10-27', '6-8', 13, 0, 0, 0, 0, 2),
(875, '2013-10-27', '6-8', 14, 0, 0, 0, 0, 2),
(876, '2013-10-27', '6-8', 15, 0, 0, 0, 0, 2),
(877, '2013-10-27', '6-8', 16, 0, 0, 0, 0, 2),
(878, '2013-10-27', '6-8', 17, 0, 0, 0, 0, 2),
(879, '2013-10-27', '6-8', 18, 0, 0, 0, 0, 2),
(880, '2013-10-27', '6-8', 19, 0, 0, 0, 0, 2),
(881, '2013-10-31', '6-8', 0, 0, 0, 0, 0, 2),
(882, '2013-10-31', '6-8', 1, 4, 1, 3, 0, 3),
(883, '2013-10-31', '6-8', 2, 0, 0, 0, 0, 2),
(884, '2013-10-31', '6-8', 3, 0, 0, 0, 0, 2),
(885, '2013-10-31', '6-8', 4, 0, 0, 0, 0, 2),
(886, '2013-10-31', '6-8', 5, 0, 0, 0, 0, 2),
(887, '2013-10-31', '6-8', 6, 0, 0, 0, 0, 2),
(888, '2013-10-31', '6-8', 7, 0, 0, 0, 0, 2),
(889, '2013-10-31', '6-8', 8, 0, 0, 0, 0, 2),
(890, '2013-10-31', '6-8', 9, 0, 0, 0, 0, 2),
(891, '2013-10-31', '6-8', 10, 3, 1, 9, 0, 2),
(892, '2013-10-31', '6-8', 11, 0, 0, 0, 0, 2),
(893, '2013-10-31', '6-8', 12, 0, 0, 0, 0, 2),
(894, '2013-10-31', '6-8', 13, 0, 0, 0, 0, 2),
(895, '2013-10-31', '6-8', 14, 4, 0, 15, 0, 2),
(896, '2013-10-31', '6-8', 15, 0, 0, 0, 0, 2),
(897, '2013-10-31', '6-8', 16, 0, 0, 0, 0, 2),
(898, '2013-10-31', '6-8', 17, 0, 0, 0, 0, 2),
(899, '2013-10-31', '6-8', 18, 0, 0, 0, 0, 2),
(900, '2013-10-31', '6-8', 19, 0, 0, 0, 0, 2),
(901, '2013-10-31', '8-10', 0, 0, 0, 0, 0, 2),
(902, '2013-10-31', '8-10', 1, 0, 0, 0, 0, 2),
(903, '2013-10-31', '8-10', 2, 0, 0, 0, 0, 2),
(904, '2013-10-31', '8-10', 3, 0, 0, 0, 0, 2),
(905, '2013-10-31', '8-10', 4, 1, 0, 13, 0, 1),
(906, '2013-10-31', '8-10', 5, 1, 4, 8, 1, 3),
(907, '2013-10-31', '8-10', 6, 0, 0, 0, 0, 2),
(908, '2013-10-31', '8-10', 7, 0, 0, 0, 0, 2),
(909, '2013-10-31', '8-10', 8, 0, 0, 0, 0, 2),
(910, '2013-10-31', '8-10', 9, 1, 1, 11, 0, 1),
(911, '2013-10-31', '8-10', 10, 0, 0, 0, 0, 2),
(912, '2013-10-31', '8-10', 11, 0, 0, 0, 0, 2),
(913, '2013-10-31', '8-10', 12, 0, 0, 0, 0, 2),
(914, '2013-10-31', '8-10', 13, 0, 0, 0, 0, 2),
(915, '2013-10-31', '8-10', 14, 1, 5, 3, 1, 3),
(916, '2013-10-31', '8-10', 15, 0, 0, 0, 0, 2),
(917, '2013-10-31', '8-10', 16, 0, 0, 0, 0, 2),
(918, '2013-10-31', '8-10', 17, 0, 0, 0, 0, 2),
(919, '2013-10-31', '8-10', 18, 1, 1, 9, 0, 1),
(920, '2013-10-31', '8-10', 19, 0, 0, 0, 0, 2),
(921, '2013-11-01', '6-8', 0, 0, 0, 0, 0, 2),
(922, '2013-11-01', '6-8', 1, 3, 0, 10, 0, 2),
(923, '2013-11-01', '6-8', 2, 0, 0, 0, 0, 2),
(924, '2013-11-01', '6-8', 3, 0, 0, 0, 0, 2),
(925, '2013-11-01', '6-8', 4, 0, 0, 0, 0, 2),
(926, '2013-11-01', '6-8', 5, 0, 0, 0, 0, 2),
(927, '2013-11-01', '6-8', 6, 0, 0, 0, 0, 2),
(928, '2013-11-01', '6-8', 7, 0, 0, 0, 0, 2),
(929, '2013-11-01', '6-8', 8, 0, 0, 0, 0, 2),
(930, '2013-11-01', '6-8', 9, 0, 0, 0, 0, 2),
(931, '2013-11-01', '6-8', 10, 0, 0, 0, 0, 2),
(932, '2013-11-01', '6-8', 11, 1, 1, 8, 1, 1),
(933, '2013-11-01', '6-8', 12, 0, 0, 0, 0, 2),
(934, '2013-11-01', '6-8', 13, 0, 0, 0, 0, 2),
(935, '2013-11-01', '6-8', 14, 0, 0, 0, 0, 2),
(936, '2013-11-01', '6-8', 15, 0, 0, 0, 0, 2),
(937, '2013-11-01', '6-8', 16, 1, 1, 10, 0, 1),
(938, '2013-11-01', '6-8', 17, 0, 0, 0, 0, 2),
(939, '2013-11-01', '6-8', 18, 0, 0, 0, 0, 2),
(940, '2013-11-01', '6-8', 19, 0, 0, 0, 0, 2),
(941, '2013-11-05', '6-8', 0, 0, 0, 0, 0, 2),
(942, '2013-11-05', '6-8', 1, 0, 0, 0, 0, 2),
(943, '2013-11-05', '6-8', 2, 1, 4, 15, 0, 3),
(944, '2013-11-05', '6-8', 3, 0, 0, 0, 0, 2),
(945, '2013-11-05', '6-8', 4, 0, 0, 0, 0, 2),
(946, '2013-11-05', '6-8', 5, 0, 0, 0, 0, 2),
(947, '2013-11-05', '6-8', 6, 0, 0, 0, 0, 2),
(948, '2013-11-05', '6-8', 7, 0, 0, 0, 0, 2),
(949, '2013-11-05', '6-8', 8, 0, 0, 0, 0, 2),
(950, '2013-11-05', '6-8', 9, 0, 0, 0, 0, 2),
(951, '2013-11-05', '6-8', 10, 1, 1, 8, 0, 1),
(952, '2013-11-05', '6-8', 11, 0, 0, 0, 0, 2),
(953, '2013-11-05', '6-8', 12, 4, 0, 8, 1, 2),
(954, '2013-11-05', '6-8', 13, 0, 0, 0, 0, 2),
(955, '2013-11-05', '6-8', 14, 0, 0, 0, 0, 2),
(956, '2013-11-05', '6-8', 15, 0, 0, 0, 0, 2),
(957, '2013-11-05', '6-8', 16, 0, 0, 0, 0, 2),
(958, '2013-11-05', '6-8', 17, 0, 0, 0, 0, 2),
(959, '2013-11-05', '6-8', 18, 0, 0, 0, 0, 2),
(960, '2013-11-05', '6-8', 19, 7, 0, 12, 0, 4),
(961, '2013-11-04', '8-10', 0, 0, 0, 0, 0, 2),
(962, '2013-11-04', '8-10', 1, 0, 0, 0, 0, 2),
(963, '2013-11-04', '8-10', 2, 4, 0, 3, 0, 2),
(964, '2013-11-04', '8-10', 3, 0, 0, 0, 0, 2),
(965, '2013-11-04', '8-10', 4, 1, 1, 12, 1, 1),
(966, '2013-11-04', '8-10', 5, 0, 0, 0, 0, 2),
(967, '2013-11-04', '8-10', 6, 0, 0, 0, 0, 2),
(968, '2013-11-04', '8-10', 7, 0, 0, 0, 0, 2),
(969, '2013-11-04', '8-10', 8, 0, 0, 0, 0, 2),
(970, '2013-11-04', '8-10', 9, 1, 6, 12, 0, 4),
(971, '2013-11-04', '8-10', 10, 0, 0, 0, 0, 2),
(972, '2013-11-04', '8-10', 11, 1, 1, 12, 0, 1),
(973, '2013-11-04', '8-10', 12, 0, 0, 0, 0, 2),
(974, '2013-11-04', '8-10', 13, 0, 0, 0, 0, 2),
(975, '2013-11-04', '8-10', 14, 0, 0, 0, 0, 2),
(976, '2013-11-04', '8-10', 15, 3, 1, 8, 0, 2),
(977, '2013-11-04', '8-10', 16, 0, 0, 0, 0, 2),
(978, '2013-11-04', '8-10', 17, 0, 0, 0, 0, 2),
(979, '2013-11-04', '8-10', 18, 0, 0, 0, 0, 2),
(980, '2013-11-04', '8-10', 19, 0, 0, 0, 0, 2),
(981, '2013-11-06', '6-8', 0, 0, 0, 0, 0, 2),
(982, '2013-11-06', '6-8', 1, 0, 0, 0, 0, 2),
(983, '2013-11-06', '6-8', 2, 0, 0, 0, 0, 2),
(984, '2013-11-06', '6-8', 3, 0, 0, 0, 0, 2),
(985, '2013-11-06', '6-8', 4, 3, 0, 11, 1, 2),
(986, '2013-11-06', '6-8', 5, 0, 0, 0, 0, 2),
(987, '2013-11-06', '6-8', 6, 0, 0, 0, 0, 2),
(988, '2013-11-06', '6-8', 7, 5, 0, 10, 0, 3),
(989, '2013-11-06', '6-8', 8, 0, 0, 0, 0, 2),
(990, '2013-11-06', '6-8', 9, 0, 0, 0, 0, 2),
(991, '2013-11-06', '6-8', 10, 4, 0, 15, 1, 2),
(992, '2013-11-06', '6-8', 11, 0, 0, 0, 0, 2),
(993, '2013-11-06', '6-8', 12, 0, 0, 0, 0, 2),
(994, '2013-11-06', '6-8', 13, 0, 0, 0, 0, 2),
(995, '2013-11-06', '6-8', 14, 0, 0, 0, 0, 2),
(996, '2013-11-06', '6-8', 15, 0, 0, 0, 0, 2),
(997, '2013-11-06', '6-8', 16, 0, 0, 0, 0, 2),
(998, '2013-11-06', '6-8', 17, 0, 0, 0, 0, 2),
(999, '2013-11-06', '6-8', 18, 0, 0, 0, 0, 2),
(1000, '2013-11-06', '6-8', 19, 0, 0, 0, 0, 2),
(1001, '2013-11-04', '6-8', 0, 0, 0, 0, 0, 2),
(1002, '2013-11-04', '6-8', 1, 0, 0, 0, 0, 2),
(1003, '2013-11-04', '6-8', 2, 0, 0, 0, 0, 2),
(1004, '2013-11-04', '6-8', 3, 5, 0, 10, 1, 3),
(1005, '2013-11-04', '6-8', 4, 0, 0, 0, 0, 2),
(1006, '2013-11-04', '6-8', 5, 0, 0, 0, 0, 2),
(1007, '2013-11-04', '6-8', 6, 0, 0, 0, 0, 2),
(1008, '2013-11-04', '6-8', 7, 0, 0, 0, 0, 2),
(1009, '2013-11-04', '6-8', 8, 1, 1, 12, 0, 1),
(1010, '2013-11-04', '6-8', 9, 0, 0, 0, 0, 2),
(1011, '2013-11-04', '6-8', 10, 0, 0, 0, 0, 2),
(1012, '2013-11-04', '6-8', 11, 4, 0, 13, 0, 2),
(1013, '2013-11-04', '6-8', 12, 0, 0, 0, 0, 2),
(1014, '2013-11-04', '6-8', 13, 4, 0, 15, 1, 2),
(1015, '2013-11-04', '6-8', 14, 0, 0, 0, 0, 2),
(1016, '2013-11-04', '6-8', 15, 0, 0, 0, 0, 2),
(1017, '2013-11-04', '6-8', 16, 0, 0, 0, 0, 2),
(1018, '2013-11-04', '6-8', 17, 0, 0, 0, 0, 2),
(1019, '2013-11-04', '6-8', 18, 0, 0, 0, 0, 2),
(1020, '2013-11-04', '6-8', 19, 0, 0, 0, 0, 2),
(1021, '2013-11-01', '8-10', 0, 0, 0, 0, 0, 2),
(1022, '2013-11-01', '8-10', 1, 0, 0, 0, 0, 2),
(1023, '2013-11-01', '8-10', 2, 0, 0, 0, 0, 2),
(1024, '2013-11-01', '8-10', 3, 0, 0, 0, 0, 2),
(1025, '2013-11-01', '8-10', 4, 0, 0, 0, 0, 2),
(1026, '2013-11-01', '8-10', 5, 0, 0, 0, 0, 2),
(1027, '2013-11-01', '8-10', 6, 0, 0, 0, 0, 2),
(1028, '2013-11-01', '8-10', 7, 0, 0, 0, 0, 2),
(1029, '2013-11-01', '8-10', 8, 1, 1, 16, 1, 1),
(1030, '2013-11-01', '8-10', 9, 0, 0, 0, 0, 2),
(1031, '2013-11-01', '8-10', 10, 0, 0, 0, 0, 2),
(1032, '2013-11-01', '8-10', 11, 0, 0, 0, 0, 2),
(1033, '2013-11-01', '8-10', 12, 0, 0, 0, 0, 2),
(1034, '2013-11-01', '8-10', 13, 0, 0, 0, 0, 2),
(1035, '2013-11-01', '8-10', 14, 0, 0, 0, 0, 2),
(1036, '2013-11-01', '8-10', 15, 0, 0, 0, 0, 2),
(1037, '2013-11-01', '8-10', 16, 0, 0, 0, 0, 2),
(1038, '2013-11-01', '8-10', 17, 0, 0, 0, 0, 2),
(1039, '2013-11-01', '8-10', 18, 5, 0, 13, 0, 3),
(1040, '2013-11-01', '8-10', 19, 0, 0, 0, 0, 2),
(1041, '2013-11-03', '6-8', 0, 0, 0, 0, 0, 2),
(1042, '2013-11-03', '6-8', 1, 0, 0, 0, 0, 2),
(1043, '2013-11-03', '6-8', 2, 0, 0, 0, 0, 2),
(1044, '2013-11-03', '6-8', 3, 4, 0, 13, 0, 2),
(1045, '2013-11-03', '6-8', 4, 0, 0, 0, 0, 2),
(1046, '2013-11-03', '6-8', 5, 6, 0, 8, 0, 3),
(1047, '2013-11-03', '6-8', 6, 0, 0, 0, 0, 2),
(1048, '2013-11-03', '6-8', 7, 0, 0, 0, 0, 2),
(1049, '2013-11-03', '6-8', 8, 0, 0, 0, 0, 2),
(1050, '2013-11-03', '6-8', 9, 1, 1, 11, 0, 1),
(1051, '2013-11-03', '6-8', 10, 0, 0, 0, 0, 2),
(1052, '2013-11-03', '6-8', 11, 0, 0, 0, 0, 2),
(1053, '2013-11-03', '6-8', 12, 1, 3, 13, 0, 2),
(1054, '2013-11-03', '6-8', 13, 0, 0, 0, 0, 2),
(1055, '2013-11-03', '6-8', 14, 0, 0, 0, 0, 2),
(1056, '2013-11-03', '6-8', 15, 0, 0, 0, 0, 2),
(1057, '2013-11-03', '6-8', 16, 0, 0, 0, 0, 2),
(1058, '2013-11-03', '6-8', 17, 4, 0, 16, 0, 2),
(1059, '2013-11-03', '6-8', 18, 0, 0, 0, 0, 2),
(1060, '2013-11-03', '6-8', 19, 0, 0, 0, 0, 2),
(1061, '2013-11-03', '8-10', 0, 0, 0, 0, 0, 2),
(1062, '2013-11-03', '8-10', 1, 0, 0, 0, 0, 2),
(1063, '2013-11-03', '8-10', 2, 0, 0, 0, 0, 2),
(1064, '2013-11-03', '8-10', 3, 0, 0, 0, 0, 2),
(1065, '2013-11-03', '8-10', 4, 5, 0, 3, 0, 3),
(1066, '2013-11-03', '8-10', 5, 0, 0, 0, 0, 2),
(1067, '2013-11-03', '8-10', 6, 0, 0, 0, 0, 2),
(1068, '2013-11-03', '8-10', 7, 0, 0, 0, 0, 2),
(1069, '2013-11-03', '8-10', 8, 0, 0, 0, 0, 2),
(1070, '2013-11-03', '8-10', 9, 5, 0, 11, 0, 3),
(1071, '2013-11-03', '8-10', 10, 0, 0, 0, 0, 2),
(1072, '2013-11-03', '8-10', 11, 0, 0, 0, 0, 2),
(1073, '2013-11-03', '8-10', 12, 1, 3, 15, 0, 2),
(1074, '2013-11-03', '8-10', 13, 0, 0, 0, 0, 2),
(1075, '2013-11-03', '8-10', 14, 0, 0, 0, 0, 2),
(1076, '2013-11-03', '8-10', 15, 0, 0, 0, 0, 2),
(1077, '2013-11-03', '8-10', 16, 0, 0, 0, 0, 2),
(1078, '2013-11-03', '8-10', 17, 0, 0, 0, 0, 2),
(1079, '2013-11-03', '8-10', 18, 0, 0, 0, 0, 2),
(1080, '2013-11-03', '8-10', 19, 0, 0, 0, 0, 2),
(1081, '2013-11-05', '8-10', 0, 0, 0, 0, 0, 2),
(1082, '2013-11-05', '8-10', 1, 0, 0, 0, 0, 2),
(1083, '2013-11-05', '8-10', 2, 0, 0, 0, 0, 2),
(1084, '2013-11-05', '8-10', 3, 0, 0, 0, 0, 2),
(1085, '2013-11-05', '8-10', 4, 0, 0, 0, 0, 2),
(1086, '2013-11-05', '8-10', 5, 0, 0, 0, 0, 2),
(1087, '2013-11-05', '8-10', 6, 0, 0, 0, 0, 2),
(1088, '2013-11-05', '8-10', 7, 0, 0, 0, 0, 2),
(1089, '2013-11-05', '8-10', 8, 0, 0, 0, 0, 2),
(1090, '2013-11-05', '8-10', 9, 0, 0, 0, 0, 2),
(1091, '2013-11-05', '8-10', 10, 6, 0, 16, 0, 3),
(1092, '2013-11-05', '8-10', 11, 0, 0, 0, 0, 2),
(1093, '2013-11-05', '8-10', 12, 0, 0, 0, 0, 2),
(1094, '2013-11-05', '8-10', 13, 0, 0, 0, 0, 2),
(1095, '2013-11-05', '8-10', 14, 0, 0, 0, 0, 2),
(1096, '2013-11-05', '8-10', 15, 0, 0, 0, 0, 2),
(1097, '2013-11-05', '8-10', 16, 0, 0, 0, 0, 2),
(1098, '2013-11-05', '8-10', 17, 0, 0, 0, 0, 2),
(1099, '2013-11-05', '8-10', 18, 0, 0, 0, 0, 2),
(1100, '2013-11-05', '8-10', 19, 0, 0, 0, 0, 2),
(1101, '2013-11-06', '8-10', 0, 0, 0, 0, 0, 2),
(1102, '2013-11-06', '8-10', 1, 0, 0, 0, 0, 2),
(1103, '2013-11-06', '8-10', 2, 5, 0, 3, 1, 3),
(1104, '2013-11-06', '8-10', 3, 0, 0, 0, 0, 2),
(1105, '2013-11-06', '8-10', 4, 0, 0, 0, 0, 2),
(1106, '2013-11-06', '8-10', 5, 6, 0, 11, 0, 3),
(1107, '2013-11-06', '8-10', 6, 0, 0, 0, 0, 2),
(1108, '2013-11-06', '8-10', 7, 0, 0, 0, 0, 2),
(1109, '2013-11-06', '8-10', 8, 0, 0, 0, 0, 2),
(1110, '2013-11-06', '8-10', 9, 1, 4, 16, 0, 3),
(1111, '2013-11-06', '8-10', 10, 0, 0, 0, 0, 2),
(1112, '2013-11-06', '8-10', 11, 0, 0, 0, 0, 2),
(1113, '2013-11-06', '8-10', 12, 0, 0, 0, 0, 2),
(1114, '2013-11-06', '8-10', 13, 1, 4, 3, 0, 3),
(1115, '2013-11-06', '8-10', 14, 0, 0, 0, 0, 2),
(1116, '2013-11-06', '8-10', 15, 0, 0, 0, 0, 2),
(1117, '2013-11-06', '8-10', 16, 0, 0, 0, 0, 2),
(1118, '2013-11-06', '8-10', 17, 0, 0, 0, 0, 2),
(1119, '2013-11-06', '8-10', 18, 0, 0, 0, 0, 2),
(1120, '2013-11-06', '8-10', 19, 0, 0, 0, 0, 2);

-- --------------------------------------------------------

--
-- Table structure for table `re_calendar`
--

CREATE TABLE IF NOT EXISTS `re_calendar` (
  `date` date NOT NULL
) ENGINE=InnoDB DEFAULT CHARSET=latin1;

-- --------------------------------------------------------

--
-- Table structure for table `re_client`
--

CREATE TABLE IF NOT EXISTS `re_client` (
  `client_id` int(11) NOT NULL AUTO_INCREMENT,
  `name` varchar(255) NOT NULL,
  `phone` int(11) NOT NULL,
  `email` varchar(255) NOT NULL,
  `booking_id` int(11) NOT NULL,
  PRIMARY KEY (`client_id`)
) ENGINE=InnoDB DEFAULT CHARSET=latin1 AUTO_INCREMENT=1 ;

-- --------------------------------------------------------

--
-- Table structure for table `re_meal`
--

CREATE TABLE IF NOT EXISTS `re_meal` (
  `mealId` int(11) NOT NULL AUTO_INCREMENT,
  `bookingId` int(11) NOT NULL,
  `menuId` int(11) NOT NULL,
  `portion` int(11) NOT NULL,
  `price` float NOT NULL,
  PRIMARY KEY (`mealId`)
) ENGINE=InnoDB  DEFAULT CHARSET=latin1 AUTO_INCREMENT=31 ;

--
-- Dumping data for table `re_meal`
--

INSERT INTO `re_meal` (`mealId`, `bookingId`, `menuId`, `portion`, `price`) VALUES
(1, 743, 3, 4, 13.5),
(2, 743, 5, 4, 12.5),
(3, 845, 3, 4, 13.5),
(4, 845, 6, 1, 9.5),
(5, 811, 4, 3, 10),
(6, 811, 4, 3, 10),
(7, 811, 4, 3, 10),
(8, 811, 4, 3, 10),
(9, 811, 4, 3, 10),
(10, 811, 4, 3, 10),
(11, 811, 4, 3, 10),
(12, 743, 3, 3, 13.5),
(13, 745, 4, 3, 10),
(14, 845, 5, 3, 12.5),
(15, 845, 8, 1, 15),
(16, 1014, 3, 3, 13.5),
(17, 764, 3, 2, 13.5),
(18, 764, 6, 1, 9.5),
(19, 932, 4, 4, 10),
(20, 777, 5, 5, 12.5),
(21, 1029, 4, 2, 10),
(22, 953, 8, 2, 15),
(23, 906, 3, 5, 13.5),
(24, 915, 5, 6, 12.5),
(25, 985, 4, 5, 10),
(26, 1103, 4, 6, 10),
(27, 991, 5, 6, 12.5),
(28, 1004, 4, 5, 10),
(29, 965, 2, 2, 11.5),
(30, 965, 6, 2, 9.5);

-- --------------------------------------------------------

--
-- Table structure for table `re_menu`
--

CREATE TABLE IF NOT EXISTS `re_menu` (
  `menuId` int(11) NOT NULL AUTO_INCREMENT,
  `mealName` varchar(45) NOT NULL,
  `mealDescription` varchar(45) NOT NULL,
  `price` float NOT NULL,
  PRIMARY KEY (`menuId`)
) ENGINE=InnoDB  DEFAULT CHARSET=latin1 AUTO_INCREMENT=9 ;

--
-- Dumping data for table `re_menu`
--

INSERT INTO `re_menu` (`menuId`, `mealName`, `mealDescription`, `price`) VALUES
(1, 'Squid Chive Pancake--Large', 'Chive mixed with onions, carrot and squid in ', 14.5),
(2, 'Squid Chive Pancake--Small', 'Chive mixed with onions, carrot and squid in ', 11.5),
(3, 'Japanese Style -- Large', 'sashimi selection today''s freshest sashimi, w', 13.5),
(4, 'Japanese Style -- Small', 'sashimi selection today''s freshest sashimi, w', 10),
(5, 'Boiled Korean Dumpling -- Large', 'Soft and tender taste, thin, flat pieces of d', 12.5),
(6, 'Boiled Korean Dumpling -- Small', 'Soft and tender taste, thin, flat pieces of d', 9.5),
(7, 'Stir Fried Marinated Beef (Bulgogi) -- Large', 'Marinated thin slices beef in a mixture of so', 19.5),
(8, 'Stir Fried Marinated Beef (Bulgogi) -- Small', 'Marinated thin slices beef in a mixture of so', 15);

-- --------------------------------------------------------

--
-- Table structure for table `re_model`
--

CREATE TABLE IF NOT EXISTS `re_model` (
  `id` int(11) NOT NULL AUTO_INCREMENT,
  `name` varchar(255) NOT NULL,
  `body` varchar(255) NOT NULL,
  `visible` enum('0','1') NOT NULL,
  PRIMARY KEY (`id`)
) ENGINE=InnoDB  DEFAULT CHARSET=latin1 AUTO_INCREMENT=3 ;

--
-- Dumping data for table `re_model`
--

INSERT INTO `re_model` (`id`, `name`, `body`, `visible`) VALUES
(1, 'header', '<h1> Yummy Restaurant</h1>', '1'),
(2, 'footer', '<p>Copyright 2013, Yummy Restaurant</p>\r\n', '1');

-- --------------------------------------------------------

--
-- Table structure for table `re_subjects`
--

CREATE TABLE IF NOT EXISTS `re_subjects` (
  `id` int(11) NOT NULL AUTO_INCREMENT,
  `menu_name` varchar(30) NOT NULL,
  `position` int(3) NOT NULL,
  `visible` enum('0','1') NOT NULL,
  `content` text NOT NULL,
  `memberContent` text NOT NULL,
  PRIMARY KEY (`id`)
) ENGINE=InnoDB  DEFAULT CHARSET=latin1 AUTO_INCREMENT=8 ;

--
-- Dumping data for table `re_subjects`
--

INSERT INTO `re_subjects` (`id`, `menu_name`, `position`, `visible`, `content`, `memberContent`) VALUES
(1, 'Home', 1, '1', '<h4>Welcome to visit our website.</h4>\r\n<p>Spring Menu, Dinner and Christmas Functions</p>\r\n\r\n<p>We have just updated our menus with the tastes of Spring. <br>\r\nMake sure you also check out the new Dinner menu! <br>\r\nIf you have not tried it yet, here is a recent review on Yummy Restaurant.</p>\r\n\r\n<p>Yummy Restaurant is also taking reservations for Christmas functions,<br> \r\nso be sure to get in early!</br>\r\n', 'member_Welcome to visit our website.'),
(2, 'About', 2, '1', '<h4>Welcome to Yummy Restaurant</h4>\r\n<p>Yummy Restaurant is located on Queen St., Brisbane city.</p>\r\n\r\n<p>Our menu offers a wide range of Japanese & Western specialties such as Stir Fried Marinated Beef (Bulgogi),<br>\r\nBeef Burger, Chilled Pork Hock, Stir Fried Spicy Chicken, Teriyaki Vegetable Stir Fry and many more.</p>\r\n\r\n<p>You can order online from us by clicking the ORDER ONLINE button and we will deliver our delicious<br>\r\n food directly to your front door.</p>\r\n\r\n<p>We look forward to serving you.</p>', 'member_Our restaurant mission is ...'),
(3, 'Schedule', 3, '1', '<div id="sc_box" style="width:400px; margin-left:100px;">\r\n<h4>Service Time</h4>\r\n\r\n<p>Mon. ~ Sun. Dinner<br>\r\n   \r\n   18.00 ~ 22.00<br><br></p>\r\n\r\n<p>Booking Session<br>\r\n   18.00 ~ 20.00<br>\r\n   20.00 ~ 22.00<br></p>\r\n</div>', 'member_Please tell us your name, how many customer will come, when you would prefer to book a table...'),
(4, 'Menu', 4, '1', '\r\n<h4>Squid Chive Pancake</h4>\r\n<p>Chive mixed with onions, carrot and squid in a flour batter  Large $14.50 / Small $11.50</p>\r\n\r\n<h4>Japanese Style</h4>\r\n<p>sashimi selection today’s freshest sashimi, wasabi & soy  Large $13.50 / Small $10.00</p>\r\n\r\n<h4>Boiled Korean Dumpling</h4>\r\n<p>Soft and tender taste, thin, flat pieces of dough filled with vegetables, meat and spices  Large $12.50 / Small $9.50</p>\r\n\r\n<h4>Stir Fried Marinated Beef (Bulgogi)</h4>\r\n<p>Marinated thin slices beef in a mixture of soy sauce, vegetables and glass noodles  Large $19.50 / $Small $15.00<br></p>\r\n\r\n\r\n<img src="img/japanese.jpg" width="210" height="146" />\r\n<img src="img/speedFood.jpg" width="210" height="146" />\r\n<img src="img/weasternFood.jpg" width="210" height="146" /><br />', 'member_\r\n<ul>\r\n<h3>À la carte Menu</h3>\r\n<li>week day lunch --- ***</li>\r\n<li>week day dinner --- ***</li>\r\n<li>weekend lunch --- ***</li>\r\n<li>weekend lunch --- ***</li>\r\n</ul>\r\n<br/>\r\n<img src="img/japanese.jpg" width="210" height="146" />\r\n<img src="img/speedFood.jpg" width="210" height="146" />\r\n<img src="img/weasternFood.jpg" width="210" height="146" />\r\n'),
(5, 'Log In', 5, '1', '<div id="sc_box" style="width:400px; margin-left:100px;">\r\n<h4>Member Log In</h4>\r\n<form id="login" name="login" method="post" action="process.php">\r\n                <label for="txtName">User Name :&nbsp;</label>\r\n                <input type="text" name="username" /><br/><br/>\r\n                <label for="txtName">Password : &nbsp;&nbsp;</label>\r\n                <input type="password" name="password" /><br/><br/>\r\n                &nbsp; &nbsp; &nbsp; &nbsp; &nbsp; &nbsp; <input type="submit" name="submit" value="login"/>\r\n            </form>\r\n</div>\r\n\r\n\r\n', ''),
(6, 'Sign Up', 6, '1', '<div id="signup">\r\n  <form id="form" name="form" method="post" action="memberCreate.php" >\r\n  <table width="500" border="1" align="center" cellpadding="5">\r\n   <tr>\r\n      <td colspan="2"><h3>Create a new member account.</h3></tr>\r\n   <tr>\r\n     <td><label for="username">User Name(min 3)</label>      \r\n     <td width="250"><input type="text" name="username" id="username" ></td>\r\n   </tr>\r\n   <tr>\r\n     <td width="250"><label for="password">Password( 3-8 )</label>       \r\n     <td><input type="password" name="password" id="password" ></td>\r\n   </tr>\r\n   <tr>\r\n     <td width="250"><label for="password">Confirm Password( 3-8 )</label>       \r\n     <td><input type="password" name="password_again" id="password" ></td>\r\n   </tr>      \r\n   <tr>\r\n     <td width="250"><label for="firstname">First Name(min 2)</label>       \r\n     <td><input type="text" name="firstname" id="firstname" ></td>\r\n   </tr>\r\n   <tr>\r\n     <td width="250"><label for="lastname">Last Name(min 2)</label>       \r\n     <td><input type="text" name="lastname" id="lastname"  ></td>\r\n   </tr>\r\n   <tr>\r\n     <td width="250"><label for="contactNum">Contact Number(8)</label>     \r\n     <td><input type="text" name="contactNum" id="contactNum" /></td>\r\n   </tr>\r\n   <tr>\r\n      <td>&nbsp;</td>\r\n      <td><input type="submit" name="submit" id="submit" value="Submit" maxlength="10"/>\r\n      </td>\r\n    </tr>\r\n  </table>\r\n  </form>  \r\n</div> ', ''),
(7, 'Contact', 7, '1', '<div id="ct_box" style="width:400px; margin-left:100px;">\r\n<h4>Address</h4><p> Queen St, Brisbane QLD 4000</p>\r\n <h4>Phone</h4><p>(07) 3006 6290</p>\r\n\r\n<iframe width="425" height="350" frameborder="0" scrolling="no" marginheight="0" marginwidth="0" src="https://maps.google.com.au/maps?f=q&amp;source=s_q&amp;hl=en&amp;geocode=&amp;q=22+Queen+Street+Mall,+Queen+Street,+Brisbane,+Queensland&amp;aq=&amp;sll=-27.469534,153.025428&amp;sspn=0.007625,0.013937&amp;ie=UTF8&amp;hq=&amp;hnear=22+Queen+St,+Brisbane+Queensland+4000&amp;ll=-27.469535,153.025432&amp;spn=0.007625,0.013937&amp;t=m&amp;z=14&amp;output=embed"></iframe><br /><small><a href="https://maps.google.com.au/maps?f=q&amp;source=embed&amp;hl=en&amp;geocode=&amp;q=22+Queen+Street+Mall,+Queen+Street,+Brisbane,+Queensland&amp;aq=&amp;sll=-27.469534,153.025428&amp;sspn=0.007625,0.013937&amp;ie=UTF8&amp;hq=&amp;hnear=22+Queen+St,+Brisbane+Queensland+4000&amp;ll=-27.469535,153.025432&amp;spn=0.007625,0.013937&amp;t=m&amp;z=14" style="color:#0000FF;text-align:left">View Larger Map</a></small>\r\n</div>', 'member_We will contact with you soon.');

-- --------------------------------------------------------

--
-- Table structure for table `re_users`
--

CREATE TABLE IF NOT EXISTS `re_users` (
  `id` int(11) NOT NULL AUTO_INCREMENT,
  `username` varchar(45) NOT NULL,
  `password` varchar(45) NOT NULL,
  `firstname` varchar(45) NOT NULL,
  `lastname` varchar(45) NOT NULL,
  `contactNum` int(11) NOT NULL,
  `userlevel` int(11) NOT NULL DEFAULT '1',
  PRIMARY KEY (`id`)
) ENGINE=InnoDB  DEFAULT CHARSET=latin1 AUTO_INCREMENT=17 ;

--
-- Dumping data for table `re_users`
--

INSERT INTO `re_users` (`id`, `username`, `password`, `firstname`, `lastname`, `contactNum`, `userlevel`) VALUES
(0, 'Default', '4a12f8b1ec6da8c502adf2c7552a6081', 'default', 'default', 0, 1),
(1, 'admin', '202cb962ac59075b964b07152d234b70', 'administrator', 'admin', 0, 3),
(2, 'sofia', '250cf8b51c773f3f8dc8b4be867a9a02', 'sofia', 'Price', 857412369, 1),
(3, 'Yasu', '250cf8b51c773f3f8dc8b4be867a9a02', 'Yasuko', 'Lager  ', 67890, 1),
(8, 'Za', '68053af2923e00204c3ca7c6a3150cf7', 'Zachery', 'Riemann', 8579634, 1),
(9, 'Leisa', '202cb962ac59075b964b07152d234b70', 'Leisa', 'Setser  ', 12345678, 1),
(10, 'Linda', '250cf8b51c773f3f8dc8b4be867a9a02', 'Linda', 'Bala', 123456789, 1),
(11, 'Ray', '68053af2923e00204c3ca7c6a3150cf7', 'Raymon', 'Montalto', 45678912, 1),
(12, 'Ma', '202cb962ac59075b964b07152d234b70', 'Mason', 'Fuentez', 85274193, 1),
(13, 'Frei', '250cf8b51c773f3f8dc8b4be867a9a02', 'Freida', 'Shontz ', 47896532, 1),
(15, 'Tori', '202cb962ac59075b964b07152d234b70', 'Tori', 'Sharpless', 45632179, 1),
(16, 'Shi', '68053af2923e00204c3ca7c6a3150cf7', 'Shiloh', 'Ipock', 4521789, 1);

/*!40101 SET CHARACTER_SET_CLIENT=@OLD_CHARACTER_SET_CLIENT */;
/*!40101 SET CHARACTER_SET_RESULTS=@OLD_CHARACTER_SET_RESULTS */;
/*!40101 SET COLLATION_CONNECTION=@OLD_COLLATION_CONNECTION */;
